{
  "aod_gapfill": {
    "missing_frac": 0.07926006925460179,
    "cv_r2": 0.9190972800714725,
    "cv_rmse": 0.12703847578103972,
    "cv_n": 202084
  },
  "training_rows": 7200,
  "n_features": 36,
  "no2_calibration": {
    "r2": 0.9629016770967412,
    "rmse": 4.492222884218465,
    "n": 7200,
    "method": "rf",
    "raw_column_slope": 8.749414970202034e-15,
    "raw_column_r2": 0.8743564414160051,
    "r2_gain_over_raw_column": 0.0885
  },
  "hybrid": {
    "pm25": {
      "trend": {
        "r2": 0.8623993089713871,
        "rmse": 14.856540111059118,
        "mae": 11.492060102134563,
        "n": 1440
      },
      "hybrid": {
        "r2": 0.8635066323213556,
        "rmse": 14.796641340620857,
        "mae": 11.421614034175567,
        "n": 1440
      },
      "benchmark_r2": 0.86
    },
    "pm10": {
      "trend": {
        "r2": 0.8348896811140092,
        "rmse": 28.01197610882392,
        "mae": 22.035162909199222,
        "n": 1440
      },
      "hybrid": {
        "r2": 0.8360861825671547,
        "rmse": 27.9102946634982,
        "mae": 21.935741381910017,
        "n": 1440
      },
      "benchmark_r2": 0.85
    },
    "no2_obs": {
      "trend": {
        "r2": 0.9269220356048198,
        "rmse": 6.313057613800427,
        "mae": 4.902362159212856,
        "n": 1440
      },
      "hybrid": {
        "r2": 0.9272647921838193,
        "rmse": 6.298235189037459,
        "mae": 4.8846274225157575,
        "n": 1440
      },
      "benchmark_r2": 0.83
    },
    "so2_obs": {
      "trend": {
        "r2": 0.2281442568102524,
        "rmse": 7.872715489312157,
        "mae": 6.530355510116977,
        "n": 1440
      },
      "hybrid": {
        "r2": 0.2291834496428563,
        "rmse": 7.867413964277816,
        "mae": 6.513018691266652,
        "n": 1440
      },
      "benchmark_r2": 0.4
    },
    "o3_obs": {
      "trend": {
        "r2": 0.47475063931487926,
        "rmse": 8.501535339685727,
        "mae": 6.791058870612472,
        "n": 1440
      },
      "hybrid": {
        "r2": 0.47349899993599964,
        "rmse": 8.511658650260395,
        "mae": 6.796002220501502,
        "n": 1440
      },
      "benchmark_r2": 0.6
    },
    "co_obs": {
      "trend": {
        "r2": 0.6163060842536291,
        "rmse": 0.4305681084924325,
        "mae": 0.3477610664625088,
        "n": 1440
      },
      "hybrid": {
        "r2": 0.6169012096304326,
        "rmse": 0.43023406430389327,
        "mae": 0.34721029813800447,
        "n": 1440
      },
      "benchmark_r2": 0.58
    }
  },
  "cv_pm25": {
    "random": 0.791427021208331,
    "spatial": -0.15182497656717975,
    "temporal": 0.8617595477566139
  },
  "cnn_lstm": {
    "pm25": {
      "r2": 0.8048946084280757,
      "rmse": 17.690576982805723,
      "mae": 13.813110544132876,
      "n": 1440
    },
    "pm10": {
      "r2": 0.7824494049044386,
      "rmse": 32.15413199861139,
      "mae": 25.503014907111957,
      "n": 1440
    },
    "no2_obs": {
      "r2": 0.9050284133081669,
      "rmse": 7.196865149868867,
      "mae": 5.62508820069783,
      "n": 1440
    },
    "so2_obs": {
      "r2": 0.08018853663774128,
      "rmse": 8.594208486595472,
      "mae": 6.925253159702471,
      "n": 1440
    },
    "o3_obs": {
      "r2": 0.26406101301959084,
      "rmse": 10.063186333888769,
      "mae": 8.036843141867399,
      "n": 1440
    },
    "co_obs": {
      "r2": 0.5805503509538746,
      "rmse": 0.45018324371724655,
      "mae": 0.3529316038341265,
      "n": 1440
    }
  },
  "aqi": {
    "date": "2021-11-13",
    "cpcb_mean": 158.12521620120341,
    "cpcb_max": 409.19487860795385,
    "rapi_mean": 224.2649665939053,
    "divergence_mean": 66.13975039270187,
    "category_cells": {
      "Moderate": 1501,
      "Poor": 921,
      "Satisfactory": 1039,
      "Very Poor": 192,
      "Severe": 1
    }
  },
  "hcho": {
    "phv_pct": 2.7884089666484417,
    "phv_hva_cells": 102,
    "gi_hotspot_cells": 1102,
    "clusters": 68,
    "attribution": {
      "biogenic": 37,
      "other": 17,
      "industrial": 10,
      "urban": 3,
      "agri_burning": 1
    }
  },
  "transport": {
    "trajectory_points": 17,
    "fires_along_path": 741,
    "endpoint": [
      73.73474902677685,
      30.218921874103067
    ]
  }
}