{
  "pm25": {
    "n": 4264,
    "stations": 158,
    "random_cv": {
      "r2": 0.5251538286217483,
      "rmse": 60.217807651481635,
      "mae": 27.839071713342978,
      "n": 4264
    },
    "spatial_cv": {
      "r2": 0.028855287543738894,
      "rmse": 86.11730785632416,
      "mae": 48.96698454581087,
      "n": 4264
    }
  },
  "pm10": {
    "n": 4148,
    "stations": 155,
    "random_cv": {
      "r2": 0.575399587000893,
      "rmse": 91.96859116032456,
      "mae": 45.84132488919707,
      "n": 4148
    },
    "spatial_cv": {
      "r2": 0.02175320160266525,
      "rmse": 139.59618355226166,
      "mae": 85.85987342505521,
      "n": 4148
    }
  },
  "no2_obs": {
    "n": 4301,
    "stations": 159,
    "random_cv": {
      "r2": 0.7101729687295378,
      "rmse": 16.638347676411836,
      "mae": 8.74434083082845,
      "n": 4301
    },
    "spatial_cv": {
      "r2": -0.1471340393991436,
      "rmse": 33.1015122012128,
      "mae": 22.616564057618408,
      "n": 4301
    }
  },
  "so2_obs": {
    "n": 4082,
    "stations": 152,
    "random_cv": {
      "r2": 0.4579842721588724,
      "rmse": 10.167167931481446,
      "mae": 4.525952279749985,
      "n": 4082
    },
    "spatial_cv": {
      "r2": -0.9588238434971987,
      "rmse": 19.32821479815834,
      "mae": 12.48123491854914,
      "n": 4082
    }
  },
  "o3_obs": {
    "n": 4074,
    "stations": 151,
    "random_cv": {
      "r2": 0.6598620720615571,
      "rmse": 22.027966949973393,
      "mae": 13.826274005646075,
      "n": 4074
    },
    "spatial_cv": {
      "r2": 0.049988632596745464,
      "rmse": 36.8138540567752,
      "mae": 26.99848448583093,
      "n": 4074
    }
  },
  "co_obs": {
    "n": 4234,
    "stations": 157,
    "random_cv": {
      "r2": 0.6877146060310082,
      "rmse": 0.6481109965965435,
      "mae": 0.4167552970340665,
      "n": 4234
    },
    "spatial_cv": {
      "r2": 0.18510929086865568,
      "rmse": 1.0469434817296683,
      "mae": 0.7210263981940933,
      "n": 4234
    }
  }
}